caldt,vwretd
20110103,0.011325
20110104,-0.001236
20110105,0.005164
20110106,-0.001715
20110107,-0.001755
20110110,-0.001549
20110111,0.003829
20110112,0.009032
20110113,-0.001697
20110114,0.007206
20110118,0.001383
20110119,-0.009960
20110120,-0.001058
20110121,0.002205
20110124,0.005643
20110125,0.000400
20110126,0.004330
20110127,0.002442
20110128,-0.017916
20110131,0.007465
20110201,0.016542
20110202,-0.002470
20110203,0.002366
20110204,0.002751
20110207,0.006562
20110208,0.004593
20110209,-0.002730
20110210,0.000744
20110211,0.005651
20110214,0.002410
20110215,-0.003153
20110216,0.006311
20110217,0.003255
20110218,0.001846
20110222,-0.020693
20110223,-0.006134
20110224,-0.000795
20110225,0.010296
20110228,0.005120
20110301,-0.015713
20110302,0.002000
20110303,0.017027
20110304,-0.007280
20110307,-0.008306
20110308,0.009110
20110309,-0.001121
20110310,-0.018763
20110311,0.007394
20110314,-0.005894
20110315,-0.011073
20110316,-0.019373
20110317,0.012992
20110318,0.004214
20110321,0.015058
20110322,-0.003353
20110323,0.002916
20110324,0.009368
20110325,0.003189
20110328,-0.002774
20110329,0.007224
20110330,0.006720
20110331,-0.001745
20110401,0.004890
20110404,0.000419
20110405,0.000089
20110406,0.002602
20110407,-0.001498
20110408,-0.004034
20110411,-0.002773
20110412,-0.007576
20110413,0.000442
20110414,0.000048
20110415,0.003814
20110418,-0.011038
20110419,0.005612
20110420,0.013576
20110421,0.005122
20110425,-0.001707
20110426,0.008955
20110427,0.006537
20110428,0.003553
20110429,0.002303
20110502,-0.001740
20110503,-0.003341
20110504,-0.006527
20110505,-0.008979
20110506,0.003919
20110509,0.004444
20110510,0.008070
20110511,-0.010324
20110512,0.005203
20110513,-0.008049
20110516,-0.006157
20110517,-0.000167
20110518,0.008827
20110519,0.002355
20110520,-0.007733
20110523,-0.011920
20110524,-0.000953
20110525,0.003019
20110526,0.004271
20110527,0.004343
20110531,0.010535
20110601,-0.022642
20110602,-0.001226
20110603,-0.009755
20110606,-0.010634
20110607,-0.000794
20110608,-0.004053
20110609,0.007452
20110610,-0.013762
20110613,0.000999
20110614,0.012595
20110615,-0.017561
20110616,0.001957
20110617,0.003049
20110620,0.005522
20110621,0.013557
20110622,-0.006441
20110623,-0.002696
20110624,-0.011903
20110627,0.009232
20110628,0.013162
20110629,0.008388
20110630,0.010084
20110701,0.014493
20110705,-0.001209
20110706,0.001503
20110707,0.010678
20110708,-0.006843
20110711,-0.018032
20110712,-0.004430
20110713,0.003165
20110714,-0.006812
20110715,0.005592
20110718,-0.008152
20110719,0.016329
20110720,-0.000564
20110721,0.013493
20110722,0.000963
20110725,-0.005611
20110726,-0.003890
20110727,-0.020252
20110728,-0.003164
20110729,-0.006379
20110801,-0.004215
20110802,-0.025576
20110803,0.005456
20110804,-0.047724
20110805,-0.000673
20110808,-0.066532
20110809,0.047420
20110810,-0.043752
20110811,0.046185
20110812,0.005184
20110815,0.021687
20110816,-0.009120
20110817,0.001028
20110818,-0.044372
20110819,-0.014923
20110822,0.000358
20110823,0.034443
20110824,0.013181
20110825,-0.015560
20110826,0.015294
20110829,0.028404
20110830,0.002626
20110831,0.005100
20110901,-0.011889
20110902,-0.025100
20110906,-0.007280
20110907,0.029003
20110908,-0.010623
20110909,-0.026630
20110912,0.007052
20110913,0.009622
20110914,0.013543
20110915,0.017299
20110916,0.005782
20110919,-0.009720
20110920,-0.001807
20110921,-0.029179
20110922,-0.032021
20110923,0.006360
20110926,0.023156
20110927,0.010558
20110928,-0.020291
20110929,0.007898
20110930,-0.024877
20111003,-0.028378
20111004,0.022528
20111005,0.018251
20111006,0.018483
20111007,-0.007992
20111010,0.034095
20111011,0.000593
20111012,0.009966
20111013,-0.002926
20111014,0.017327
20111017,-0.019308
20111018,0.020516
20111019,-0.012532
20111020,0.004447
20111021,0.018775
20111024,0.013029
20111025,-0.020037
20111026,0.010240
20111027,0.034398
20111028,0.000420
20111031,-0.024820
20111101,-0.027867
20111102,0.016246
20111103,0.018892
20111104,-0.006251
20111107,0.006382
20111108,0.012425
20111109,-0.036672
20111110,0.008642
20111111,0.019601
20111114,-0.009364
20111115,0.004751
20111116,-0.016475
20111117,-0.016845
20111118,-0.000391
20111121,-0.018651
20111122,-0.004026
20111123,-0.021966
20111125,-0.002483
20111128,0.029210
20111129,0.002616
20111130,0.043306
20111201,-0.001804
20111202,-0.000335
20111205,0.010460
20111206,0.001126
20111207,0.002277
20111208,-0.021145
20111209,0.016952
20111212,-0.014884
20111213,-0.008641
20111214,-0.011194
20111215,0.003335
20111216,0.003289
20111219,-0.011844
20111220,0.029901
20111221,0.001647
20111222,0.008384
20111223,0.009031
20111227,-0.000069
20111228,-0.012235
20111229,0.010645
20111230,-0.004231
20120103,0.015377
20120104,0.000388
20120105,0.002898
20120106,-0.002191
20120109,0.002330
20120110,0.008934
20120111,0.000413
20120112,0.002413
20120113,-0.004854
20120117,0.003456
20120118,0.011388
20120119,0.005104
20120120,0.000790
20120123,0.000430
20120124,-0.000916
20120125,0.008514
20120126,-0.005659
20120127,-0.001511
20120130,-0.002354
20120131,-0.000399
20120201,0.009247
20120202,0.001258
20120203,0.014701
20120206,-0.000504
20120207,0.001982
20120208,0.002557
20120209,0.001659
20120210,-0.006980
20120213,0.006931
20120214,-0.000729
20120215,-0.005095
20120216,0.011270
20120217,0.002396
20120221,0.000416
20120222,-0.003431
20120223,0.004499
20120224,0.001959
20120227,0.001445
20120228,0.003637
20120229,-0.004444
20120301,0.006162
20120302,-0.003038
20120305,-0.003730
20120306,-0.015343
20120307,0.007335
20120308,0.009748
20120309,0.003565
20120312,0.000227
20120313,0.018365
20120314,-0.001188
20120315,0.006001
20120316,0.001059
20120319,0.003784
20120320,-0.002844
20120321,-0.001866
20120322,-0.007124
20120323,0.003121
20120326,0.013912
20120327,-0.002598
20120328,-0.004714
20120329,-0.001632
20120330,0.003730
20120402,0.007407
20120403,-0.003787
20120404,-0.010034
20120405,-0.000117
20120409,-0.011358
20120410,-0.017067
20120411,0.007588
20120412,0.013798
20120413,-0.012421
20120416,-0.000450
20120417,0.015507
20120418,-0.003952
20120419,-0.005824
20120420,0.001370
20120423,-0.008769
20120424,0.003327
20120425,0.013676
20120426,0.007024
20120427,0.002704
20120430,-0.003841
20120501,0.005573
20120502,-0.002329
20120503,-0.007570
20120504,-0.016202
20120507,0.000175
20120508,-0.004166
20120509,-0.006242
20120510,0.002691
20120511,-0.003215
20120514,-0.011019
20120515,-0.005451
20120516,-0.004271
20120517,-0.014673
20120518,-0.007276
20120521,0.016123
20120522,0.000573
20120523,0.001839
20120524,0.001519
20120525,-0.002080
20120529,0.011299
20120530,-0.014079
20120531,-0.002107
20120601,-0.024708
20120604,0.000295
20120605,0.005835
20120606,0.023073
20120607,0.000014
20120608,0.008371
20120611,-0.012739
20120612,0.011654
20120613,-0.006675
20120614,0.010730
20120615,0.010421
20120618,0.001494
20120619,0.009845
20120620,-0.001449
20120621,-0.022091
20120622,0.007081
20120625,-0.015578
20120626,0.004758
20120627,0.008995
20120628,-0.002167
20120629,0.025166
20120702,0.002405
20120703,0.006713
20120705,-0.004557
20120706,-0.009039
20120709,-0.001629
20120710,-0.008019
20120711,-0.000020
20120712,-0.005030
20120713,0.016617
20120716,-0.002319
20120717,0.007375
20120718,0.006779
20120719,0.002712
20120720,-0.009819
20120723,-0.009045
20120724,-0.009039
20120725,-0.000343
20120726,0.016661
20120727,0.019238
20120730,-0.000306
20120731,-0.004437
20120801,-0.003073
20120802,-0.007161
20120803,0.019034
20120806,0.002376
20120807,0.005174
20120808,0.001014
20120809,0.000757
20120810,0.002143
20120813,-0.001029
20120814,0.000231
20120815,0.001656
20120816,0.006944
20120817,0.001860
20120820,-0.000025
20120821,-0.003603
20120822,0.000250
20120823,-0.007941
20120824,0.006713
20120827,-0.000408
20120828,-0.000706
20120829,0.001133
20120830,-0.007663
20120831,0.005188
20120904,-0.000936
20120905,-0.000866
20120906,0.020380
20120907,0.004010
20120910,-0.006136
20120911,0.003175
20120912,0.002338
20120913,0.016295
20120914,0.004019
20120917,-0.003166
20120918,-0.001285
20120919,0.001210
20120920,-0.000450
20120921,-0.000178
20120924,-0.002032
20120925,-0.010525
20120926,-0.005537
20120927,0.009581
20120928,-0.004484
20121001,0.002764
20121002,0.000982
20121003,0.003885
20121004,0.007250
20121005,-0.000007
20121008,-0.003299
20121009,-0.009926
20121010,-0.005926
20121011,0.000422
20121012,-0.002788
20121015,0.008098
20121016,0.010142
20121017,0.004166
20121018,-0.002450
20121019,-0.016520
20121022,0.000409
20121023,-0.014309
20121024,-0.003034
20121025,0.002776
20121026,-0.000458
20121031,0.000391
20121101,0.010576
20121102,-0.009219
20121105,0.002231
20121106,0.008003
20121107,-0.022644
20121108,-0.012236
20121109,0.001589
20121112,0.000099
20121113,-0.003716
20121114,-0.013501
20121115,-0.001847
20121116,0.004933
20121119,0.019683
20121120,0.000789
20121121,0.002384
20121123,0.013213
20121126,-0.002008
20121127,-0.005096
20121128,0.008316
20121129,0.004408
20121130,0.000344
20121203,-0.004831
20121204,-0.001520
20121205,0.001923
20121206,0.003442
20121207,0.003084
20121210,0.000380
20121211,0.006462
20121212,0.000242
20121213,-0.005975
20121214,-0.003964
20121217,0.011723
20121218,0.011496
20121219,-0.007328
20121220,0.005499
20121221,-0.009196
20121224,-0.002297
20121226,-0.004901
20121227,-0.001007
20121228,-0.010917
20121231,0.016572
20130102,0.025611
20130103,-0.002199
20130104,0.004998
20130107,-0.003084
20130108,-0.002897
20130109,0.002726
20130110,0.007413
20130111,0.000174
20130114,-0.000932
20130115,0.001299
20130116,0.000271
20130117,0.005619
20130118,0.003510
20130122,0.004398
20130123,0.001432
20130124,0.000273
20130125,0.005407
20130128,-0.001824
20130129,0.004958
20130130,-0.003316
20130131,-0.002475
20130201,0.010003
20130204,-0.011541
20130205,0.010499
20130206,0.000737
20130207,-0.001367
20130208,0.005602
20130211,-0.000570
20130212,0.001607
20130213,0.001055
20130214,0.000650
20130215,-0.001190
20130219,0.007348
20130220,-0.012237
20130221,-0.005934
20130222,0.008918
20130225,-0.018226
20130226,0.006260
20130227,0.012895
20130228,-0.000953
20130301,0.002466
20130304,0.004884
20130305,0.009513
20130306,0.001350
20130307,0.001911
20130308,0.004463
20130311,0.003298
20130312,-0.002194
20130313,0.001664
20130314,0.005496
20130315,-0.001658
20130318,-0.005454
20130319,-0.002360
20130320,0.006787
20130321,-0.008485
20130322,0.007153
20130325,-0.003320
20130326,0.008095
20130327,-0.000461
20130328,0.004015
20130401,-0.004271
20130402,0.005018
20130403,-0.010349
20130404,0.004128
20130405,-0.004222
20130408,0.006677
20130409,0.003805
20130410,0.012105
20130411,0.003536
20130412,-0.002725
20130415,-0.022746
20130416,0.014195
20130417,-0.014184
20130418,-0.006680
20130419,0.008838
20130422,0.004653
20130423,0.010427
20130424,0.000125
20130425,0.004200
20130426,-0.001880
20130429,0.007100
20130430,0.002534
20130501,-0.009213
20130502,0.009456
20130503,0.010695
20130506,0.001785
20130507,0.005245
20130508,0.004475
20130509,-0.003264
20130510,0.004434
20130513,0.000144
20130514,0.010441
20130515,0.005529
20130516,-0.004957
20130517,0.010277
20130520,-0.000680
20130521,0.001665
20130522,-0.008264
20130523,-0.002871
20130524,-0.000402
20130528,0.006402
20130529,-0.007039
20130530,0.003664
20130531,-0.014153
20130603,0.006028
20130604,-0.005431
20130605,-0.013435
20130606,0.008539
20130607,0.012915
20130610,-0.000310
20130611,-0.010230
20130612,-0.008146
20130613,0.014841
20130614,-0.005876
20130617,0.007613
20130618,0.007811
20130619,-0.013912
20130620,-0.024876
20130621,0.002352
20130624,-0.011854
20130625,0.009489
20130626,0.009840
20130627,0.006371
20130628,-0.004367
20130701,0.005481
20130702,-0.000412
20130703,0.000831
20130705,0.010113
20130708,0.005695
20130709,0.007262
20130710,0.000236
20130711,0.013691
20130712,0.003009
20130715,0.001522
20130716,-0.003745
20130717,0.002830
20130718,0.005011
20130719,0.001503
20130722,0.002035
20130723,-0.001750
20130724,-0.003726
20130725,0.002500
20130726,0.000813
20130729,-0.003651
20130730,0.000527
20130731,-0.000103
20130801,0.012504
20130802,0.001666
20130805,-0.001412
20130806,-0.005701
20130807,-0.003545
20130808,0.004056
20130809,-0.003307
20130812,-0.001138
20130813,0.002888
20130814,-0.004962
20130815,-0.014269
20130816,-0.003337
20130819,-0.005888
20130820,0.003870
20130821,-0.005602
20130822,0.008594
20130823,0.004166
20130826,-0.004020
20130827,-0.015764
20130828,0.002691
20130829,0.002221
20130830,-0.002944
20130903,0.004108
20130904,0.008289
20130905,0.001261
20130906,0.000194
20130909,0.010143
20130910,0.007445
20130911,0.003132
20130912,-0.003058
20130913,0.002824
20130916,0.005725
20130917,0.004337
20130918,0.012281
20130919,-0.001648
20130920,-0.007180
20130923,-0.004703
20130924,-0.002512
20130925,-0.002835
20130926,0.003647
20130927,-0.004064
20130930,-0.006004
20131001,0.007948
20131002,-0.000453
20131003,-0.008983
20131004,0.006997
20131007,-0.008653
20131008,-0.011835
20131009,0.000665
20131010,0.022000
20131011,0.006247
20131014,0.004028
20131015,-0.007049
20131016,0.013931
20131017,0.006748
20131018,0.006599
20131021,0.000049
20131022,0.005810
20131023,-0.004770
20131024,0.003382
20131025,0.004538
20131028,0.001408
20131029,0.005638
20131030,-0.004725
20131031,-0.003629
20131101,0.002812
20131104,0.003611
20131105,-0.002643
20131106,0.004945
20131107,-0.013047
20131108,0.013383
20131111,0.000868
20131112,-0.002210
20131113,0.008407
20131114,0.005032
20131115,0.004164
20131118,-0.003615
20131119,-0.001941
20131120,-0.003578
20131121,0.008144
20131122,0.005076
20131125,-0.001130
20131126,0.000306
20131127,0.002797
20131129,-0.000704
20131202,-0.002526
20131203,-0.003192
20131204,-0.001071
20131205,-0.004448
20131206,0.011338
20131209,0.001871
20131210,-0.003295
20131211,-0.011122
20131212,-0.003588
20131213,-0.000063
20131216,0.006329
20131217,-0.003089
20131218,0.016609
20131219,-0.000494
20131220,0.005032
20131223,0.005333
20131224,0.003015
20131226,0.004784
20131227,-0.000212
20131230,-0.000111
20131231,0.003983
20140102,-0.008595
20140103,-0.000275
20140106,-0.002495
20140107,0.006090
20140108,0.000057
20140109,0.000369
20140110,0.002358
20140113,-0.012525
20140114,0.010866
20140115,0.005061
20140116,-0.001358
20140117,-0.003801
20140121,0.002789
20140122,0.000648
20140123,-0.008917
20140124,-0.020885
20140127,-0.004946
20140128,0.006288
20140129,-0.010172
20140130,0.011494
20140131,-0.006640
20140203,-0.022957
20140204,0.007695
20140205,-0.001722
20140206,0.012905
20140207,0.013283
20140210,0.001672
20140211,0.011133
20140212,0.000190
20140213,0.006053
20140214,0.004822
20140218,0.001301
20140219,-0.006349
20140220,0.006132
20140221,-0.001748
20140224,0.006270
20140225,-0.001301
20140226,0.000376
20140227,0.004977
20140228,0.002726
20140303,-0.007366
20140304,0.015324
20140305,0.000157
20140306,0.001736
20140307,0.000550
20140310,-0.000494
20140311,-0.005036
20140312,0.000613
20140313,-0.011595
20140314,-0.002778
20140317,0.009605
20140318,0.007293
20140319,-0.006192
20140320,0.006026
20140321,-0.002971
20140324,-0.004746
20140325,0.004417
20140326,-0.007022
20140327,-0.001715
20140328,0.004673
20140331,0.007985
20140401,0.007171
20140402,0.003009
20140403,-0.001183
20140404,-0.012602
20140407,-0.010670
20140408,0.004302
20140409,0.011019
20140410,-0.021010
20140411,-0.009449
20140414,0.008280
20140415,0.006704
20140416,0.010552
20140417,0.001344
20140421,0.003740
20140422,0.004066
20140423,-0.002150
20140424,0.001664
20140425,-0.008293
20140428,0.003237
20140429,0.004857
20140430,0.003123
20140501,-0.000047
20140502,-0.001378
20140505,0.001898
20140506,-0.008985
20140507,0.005960
20140508,-0.001097
20140509,0.001806
20140512,0.009899
20140513,0.000701
20140514,-0.004558
20140515,-0.009363
20140516,0.003727
20140519,0.003886
20140520,-0.006523
20140521,0.008260
20140522,0.002440
20140523,0.004329
20140527,0.005997
20140528,-0.001014
20140529,0.005499
20140530,0.001890
20140602,0.000832
20140603,-0.000387
20140604,0.002108
20140605,0.006645
20140606,0.004822
20140609,0.000962
20140610,-0.000262
20140611,-0.003447
20140612,-0.006838
20140613,0.003143
20140616,0.000825
20140617,0.002241
20140618,0.007848
20140619,0.001311
20140620,0.001691
20140623,-0.000019
20140624,-0.006352
20140625,0.004824
20140626,-0.001148
20140627,0.002066
20140630,-0.000311
20140701,0.006864
20140702,0.000656
20140703,0.005392
20140707,-0.003839
20140708,-0.006723
20140709,0.004662
20140710,-0.004144
20140711,0.001618
20140714,0.004856
20140715,-0.001933
20140716,0.004352
20140717,-0.011614
20140718,0.010240
20140721,-0.002260
20140722,0.004960
20140723,0.001766
20140724,0.000464
20140725,-0.004938
20140728,0.000228
20140729,-0.004485
20140730,0.000195
20140731,-0.019929
20140801,-0.002982
20140804,0.007143
20140805,-0.009499
20140806,0.000378
20140807,-0.005303
20140808,0.011524
20140811,0.002901
20140812,-0.001668
20140813,0.006939
20140814,0.004360
20140815,0.000085
20140818,0.008628
20140819,0.005292
20140820,0.002524
20140821,0.002979
20140822,-0.001758
20140825,0.004783
20140826,0.001090
20140827,0.000132
20140828,-0.001583
20140829,0.003363
20140902,-0.000439
20140903,-0.000566
20140904,-0.001383
20140905,0.005057
20140908,-0.002982
20140909,-0.006551
20140910,0.003676
20140911,0.001135
20140912,-0.005910
20140915,-0.000819
20140916,0.007541
20140917,0.001261
20140918,0.005027
20140919,-0.000442
20140922,-0.008037
20140923,-0.005735
20140924,0.007993
20140925,-0.016122
20140926,0.008738
20140929,-0.002507
20140930,-0.002649
20141001,-0.013082
20141002,0.000146
20141003,0.011167
20141006,-0.001490
20141007,-0.015091
20141008,0.017686
20141009,-0.020569
20141010,-0.011289
20141013,-0.016466
20141014,0.001633
20141015,-0.008094
20141016,0.000073
20141017,0.012737
20141020,0.009183
20141021,0.019484
20141022,-0.007091
20141023,0.012181
20141024,0.006866
20141027,-0.001469
20141028,0.011817
20141029,-0.001290
20141030,0.006384
20141031,0.011692
20141103,-0.000161
20141104,-0.002762
20141105,0.005923
20141106,0.004119
20141107,0.000677
20141110,0.003279
20141111,0.000677
20141112,-0.000444
20141113,0.000912
20141114,0.000423
20141117,0.000814
20141118,0.005303
20141119,-0.001267
20141120,0.001877
20141121,0.005325
20141124,0.002893
20141125,-0.001140
20141126,0.003037
20141128,-0.002131
20141201,-0.006999
20141202,0.006352
20141203,0.003846
20141204,-0.001108
20141205,0.001607
20141208,-0.007021
20141209,-0.000191
20141210,-0.016261
20141211,0.004852
20141212,-0.016058
20141215,-0.006143
20141216,-0.008611
20141217,0.020318
20141218,0.024296
20141219,0.004482
20141222,0.004086
20141223,0.001904
20141224,-0.000148
20141226,0.003310
20141229,0.000948
20141230,-0.004736
20141231,-0.010244
20150102,-0.000165
20150105,-0.018112
20150106,-0.008869
20150107,0.012110
20150108,0.017830
20150109,-0.008400
20150112,-0.007980
20150113,-0.002560
20150114,-0.005905
20150115,-0.009149
20150116,0.013317
20150120,0.001686
20150121,0.004874
20150122,0.015301
20150123,-0.005362
20150126,0.002496
20150127,-0.013292
20150128,-0.013338
20150129,0.009638
20150130,-0.012832
20150202,0.012851
20150203,0.014306
20150204,-0.003814
20150205,0.010546
20150206,-0.003109
20150209,-0.004306
20150210,0.010838
20150211,0.000204
20150212,0.009823
20150213,0.004083
20150217,0.001687
20150218,-0.000217
20150219,-0.000949
20150220,0.006179
20150223,-0.000249
20150224,0.002685
20150225,-0.000578
20150226,-0.001256
20150227,-0.002875
20150302,0.006270
20150303,-0.004584
20150304,-0.004182
20150305,0.001384
20150306,-0.014191
20150309,0.004038
20150310,-0.016802
20150311,-0.001821
20150312,0.012985
20150313,-0.005975
20150316,0.013627
20150317,-0.003348
20150318,0.012142
20150319,-0.004840
20150320,0.009113
20150323,-0.001711
20150324,-0.005943
20150325,-0.014651
20150326,-0.002283
20150327,0.002482
20150330,0.012275
20150331,-0.008564
20150401,-0.003964
20150402,0.003517
20150406,0.006606
20150407,-0.002077
20150408,0.003188
20150409,0.004435
20150410,0.005049
20150413,-0.004475
20150414,0.001618
20150415,0.005081
20150416,-0.000811
20150417,-0.011408
20150420,0.009185
20150421,-0.001377
20150422,0.005124
20150423,0.002476
20150424,0.002430
20150427,-0.004142
20150428,0.002747
20150429,-0.003773
20150430,-0.010055
20150501,0.010831
20150504,0.002882
20150505,-0.011716
20150506,-0.004029
20150507,0.004091
20150508,0.013380
20150511,-0.004815
20150512,-0.002810
20150513,-0.000103
20150514,0.010902
20150515,0.000819
20150518,0.003104
20150519,-0.000774
20150520,-0.000843
20150521,0.002523
20150522,-0.002228
20150526,-0.010319
20150527,0.009336
20150528,-0.001115
20150529,-0.006246
20150601,0.002189
20150602,-0.000941
20150603,0.002344
20150604,-0.008604
20150605,-0.001427
20150608,-0.006372
20150609,0.000510
20150610,0.012180
20150611,0.002003
20150612,-0.006905
20150615,-0.004626
20150616,0.005804
20150617,0.002029
20150618,0.009846
20150619,-0.005333
20150622,0.006047
20150623,0.000747
20150624,-0.007301
20150625,-0.002942
20150626,-0.000170
20150629,-0.020733
20150630,0.002715
20150701,0.007103
20150702,-0.000255
20150706,-0.003790
20150707,0.006243
20150708,-0.016270
20150709,0.002294
20150710,0.012365
20150713,0.011254
20150714,0.004466
20150715,-0.000920
20150716,0.008094
20150717,0.001293
20150720,0.000878
20150721,-0.004271
20150722,-0.002211
20150723,-0.005694
20150724,-0.010448
20150727,-0.005735
20150728,0.012287
20150729,0.007463
20150730,0.000173
20150731,-0.002188
20150803,-0.002674
20150804,-0.002135
20150805,0.003722
20150806,-0.007521
20150807,-0.003013
20150810,0.012667
20150811,-0.009154
20150812,0.001136
20150813,-0.001209
20150814,0.003978
20150817,0.005274
20150818,-0.002598
20150819,-0.008168
20150820,-0.020963
20150821,-0.031656
20150824,-0.039372
20150825,-0.013371
20150826,0.039178
20150827,0.024267
20150828,0.000638
20150831,-0.008319
20150901,-0.029419
20150902,0.018473
20150903,0.001312
20150904,-0.015208
20150908,0.025442
20150909,-0.013809
20150910,0.005224
20150911,0.004920
20150914,-0.004017
20150915,0.012701
20150916,0.008801
20150917,-0.002355
20150918,-0.016077
20150921,0.004610
20150922,-0.012320
20150923,-0.002029
20150924,-0.003418
20150925,-0.000514
20150928,-0.025485
20150929,0.001182
20150930,0.019174
20151001,0.002083
20151002,0.014535
20151005,0.018311
20151006,-0.003619
20151007,0.008414
20151008,0.008755
20151009,0.000816
20151012,0.001287
20151013,-0.006699
20151014,-0.005229
20151015,0.014745
20151016,0.004642
20151019,0.000199
20151020,-0.001495
20151021,-0.005683
20151022,0.016549
20151023,0.010928
20151026,-0.001801
20151027,-0.002522
20151028,0.011774
20151029,-0.000330
20151030,-0.004718
20151102,0.011687
20151103,0.002679
20151104,-0.003090
20151105,-0.000744
20151106,-0.000296
20151109,-0.009597
20151110,0.001874
20151111,-0.003284
20151112,-0.013719
20151113,-0.011285
20151116,0.015160
20151117,-0.000952
20151118,0.016253
20151119,-0.001080
20151120,0.003930
20151123,-0.001019
20151124,0.001202
20151125,0.000107
20151127,0.000756
20151130,-0.004752
20151201,0.010733
20151202,-0.010711
20151203,-0.014242
20151204,0.020367
20151207,-0.006789
20151208,-0.006288
20151209,-0.007690
20151210,0.002337
20151211,-0.019273
20151214,0.004951
20151215,0.010446
20151216,0.014690
20151217,-0.014958
20151218,-0.017558
20151221,0.007889
20151222,0.008941
20151223,0.012446
20151224,-0.001635
20151228,-0.002082
20151229,0.010906
20151230,-0.007063
20151231,-0.009432
20160104,-0.015190
20160105,0.002134
20160106,-0.012566
20160107,-0.023433
20160108,-0.010898
20160111,0.001055
20160112,0.007732
20160113,-0.025050
20160114,0.016641
20160115,-0.021666
20160119,0.000584
20160120,-0.011584
20160121,0.005400
20160122,0.020313
20160125,-0.015346
20160126,0.014103
20160127,-0.010767
20160128,0.005788
20160129,0.024522
20160201,-0.000353
20160202,-0.018668
20160203,0.004892
20160204,0.001674
20160205,-0.018423
20160208,-0.014244
20160209,-0.000563
20160210,0.000266
20160211,-0.011938
20160212,0.019408
20160216,0.016836
20160217,0.016645
20160218,-0.004807
20160219,0.000267
20160222,0.014515
20160223,-0.012147
20160224,0.004499
20160225,0.011663
20160226,-0.001762
20160229,-0.008096
20160301,0.023751
20160302,0.004158
20160303,0.003601
20160304,0.003277
20160307,0.000897
20160308,-0.010939
20160309,0.005140
20160310,0.000210
20160311,0.016578
20160314,-0.001083
20160315,-0.001833
20160316,0.005770
20160317,0.006394
20160318,0.004326
20160321,0.001002
20160322,-0.000759
20160323,-0.006336
20160324,-0.000324
20160328,0.000579
20160329,0.008996
20160330,0.004496
20160331,-0.002030
20160401,0.006388
20160404,-0.003057
20160405,-0.010146
20160406,0.010860
20160407,-0.011989
20160408,0.002779
20160411,-0.002804
20160412,0.009759
20160413,0.010090
20160414,0.000235
20160415,-0.000877
20160418,0.006640
20160419,0.002914
20160420,0.000740
20160421,-0.005230
20160422,0.000019
20160425,-0.001657
20160426,0.001775
20160427,0.001740
20160428,-0.009142
20160429,-0.004948
20160502,0.007958
20160503,-0.008675
20160504,-0.005600
20160505,0.000095
20160506,0.003474
20160509,0.000921
20160510,0.012501
20160511,-0.009117
20160512,0.000048
20160513,-0.008524
20160516,0.009907
20160517,-0.009345
20160518,0.000047
20160519,-0.003166
20160520,0.006168
20160523,-0.002063
20160524,0.013685
20160525,0.006974
20160526,-0.000039
20160527,0.004409
20160531,-0.000821
20160601,0.001266
20160602,0.002911
20160603,-0.002827
20160606,0.004856
20160607,0.001246
20160608,0.003516
20160609,-0.001697
20160610,-0.009141
20160613,-0.007757
20160614,-0.001673
20160615,-0.001711
20160616,0.003261
20160617,-0.003229
20160620,0.005859
20160621,0.002732
20160622,-0.001645
20160623,0.013333
20160624,-0.035723
20160627,-0.018012
20160628,0.017816
20160629,0.017256
20160630,0.013529
20160701,0.002169
20160705,-0.006639
20160706,0.005709
20160707,-0.000774
20160708,0.015192
20160711,0.003447
20160712,0.006791
20160713,0.000253
20160714,0.005231
20160715,-0.000962
20160718,0.002433
20160719,-0.001407
20160720,0.004373
20160721,-0.003588
20160722,0.004509
20160725,-0.002880
20160726,0.000199
20160727,-0.001334
20160728,0.001742
20160729,0.001739
20160801,-0.001183
20160802,-0.006411
20160803,0.003364
20160804,0.000503
20160805,0.008638
20160808,-0.000817
20160809,0.000379
20160810,-0.002326
20160811,0.004847
20160812,-0.000708
20160815,0.002835
20160816,-0.005339
20160817,0.002046
20160818,0.002338
20160819,-0.001407
20160822,-0.000531
20160823,0.001901
20160824,-0.005186
20160825,-0.001417
20160826,-0.001507
20160829,0.005327
20160830,-0.001856
20160831,-0.002113
20160901,0.000062
20160902,0.004168
20160906,0.003044
20160907,0.000048
20160908,-0.002212
20160909,-0.024631
20160912,0.014850
20160913,-0.014479
20160914,-0.000556
20160915,0.010268
20160916,-0.003711
20160919,-0.000096
20160920,0.000339
20160921,0.010840
20160922,0.006607
20160923,-0.005616
20160926,-0.008566
20160927,0.006602
20160928,0.005421
20160929,-0.009336
20160930,0.008020
20161003,-0.003092
20161004,-0.004863
20161005,0.004640
20161006,0.000282
20161007,-0.003269
20161010,0.004571
20161011,-0.012473
20161012,0.001211
20161013,-0.002939
20161014,0.000234
20161017,-0.003031
20161018,0.006190
20161019,0.002284
20161020,-0.001259
20161021,0.000169
20161024,0.004968
20161025,-0.003734
20161026,-0.001806
20161027,-0.002978
20161028,-0.003027
20161031,0.000017
20161101,-0.006804
20161102,-0.006457
20161103,-0.004079
20161104,-0.001766
20161107,0.022186
20161108,0.004279
20161109,0.010919
20161110,0.001676
20161111,-0.001388
20161114,-0.000078
20161115,0.007828
20161116,-0.001269
20161117,0.004581
20161118,-0.002340
20161121,0.007546
20161122,0.002337
20161123,0.000806
20161125,0.003954
20161128,-0.005090
20161129,0.001574
20161130,-0.002682
20161201,-0.003684
20161202,0.000426
20161205,0.005921
20161206,0.003436
20161207,0.013380
20161208,0.002241
20161209,0.005862
20161212,-0.001109
20161213,0.006688
20161214,-0.008034
20161215,0.003830
20161216,-0.001763
20161219,0.002005
20161220,0.003783
20161221,-0.002423
20161222,-0.001929
20161223,0.001354
20161227,0.002297
20161228,-0.008145
20161229,-0.000246
20161230,-0.004634
20170103,0.008524
20170104,0.006017
20170105,-0.000701
20170106,0.003721
20170109,-0.003469
20170110,-0.000013
20170111,0.002982
20170112,-0.002043
20170113,0.001778
20170117,-0.002746
20170118,0.001894
20170119,-0.003551
20170120,0.003397
20170123,-0.002582
20170124,0.006610
20170125,0.007907
20170126,-0.000680
20170127,-0.000971
20170130,-0.005914
20170131,-0.000820
20170201,0.000408
20170202,0.000709
20170203,0.007206
20170206,-0.002143
20170207,0.000334
20170208,0.001084
20170209,0.005981
20170210,0.003575
20170213,0.005383
20170214,0.004298
20170215,0.005146
20170216,-0.000909
20170217,0.002005
20170221,0.006131
20170222,-0.001011
20170223,0.000395
20170224,0.001748
20170227,0.001030
20170228,-0.002684
20170301,0.013612
20170302,-0.005670
20170303,0.000452
20170306,-0.003245
20170307,-0.002858
20170308,-0.001883
20170309,0.000825
20170310,0.003283
20170313,0.000669
20170314,-0.003223
20170315,0.008363
20170316,-0.001362
20170317,-0.001342
20170320,-0.002016
20170321,-0.012262
20170322,0.001926
20170323,-0.001041
20170324,-0.000811
20170327,-0.000943
20170328,0.007258
20170329,0.001449
20170330,0.002962
20170331,-0.002145
20170403,-0.001601
20170404,0.000741
20170405,-0.002921
20170406,0.002122
20170407,-0.000729
20170410,0.000785
20170411,-0.001251
20170412,-0.003692
20170413,-0.006767
20170417,0.008592
20170418,-0.002756
20170419,-0.001583
20170420,0.007563
20170421,-0.003016
20170424,0.010778
20170425,0.005989
20170426,-0.000463
20170427,0.000718
20170428,-0.001755
20170501,0.001752
20170502,0.001156
20170503,-0.001165
20170504,0.000778
20170505,0.004036
20170508,0.000120
20170509,-0.000840
20170510,0.001544
20170511,-0.001886
20170512,-0.001505
20170515,0.004893
20170516,-0.000532
20170517,-0.017765
20170518,0.003894
20170519,0.006803
20170522,0.005194
20170523,0.001866
20170524,0.002619
20170525,0.004637
20170526,0.000442
20170530,-0.001077
20170531,-0.000246
20170601,0.007790
20170602,0.003729
20170605,-0.001125
20170606,-0.002917
20170607,0.001804
20170608,0.000242
20170609,-0.001078
20170612,-0.000905
20170613,0.004788
20170614,-0.000869
20170615,-0.002126
20170616,-0.000004
20170619,0.008362
20170620,-0.006614
20170621,-0.000311
20170622,-0.000292
20170623,0.001557
20170626,0.000369
20170627,-0.008077
20170628,0.008989
20170629,-0.008639
20170630,0.001448
20170703,0.002172
20170705,0.001723
20170706,-0.008985
20170707,0.006416
20170710,0.000841
20170711,-0.000699
20170712,0.007441
20170713,0.001951
20170714,0.004780
20170717,-0.000049
20170718,0.000620
20170719,0.005406
20170720,-0.000002
20170721,-0.000323
20170724,-0.000930
20170725,0.002977
20170726,0.000367
20170727,-0.000869
20170728,-0.001417
20170731,-0.000852
20170801,0.002376
20170802,0.000468
20170803,-0.002013
20170804,0.001812
20170807,0.001737
20170808,-0.002294
20170809,-0.000307
20170810,-0.014158
20170811,0.001418
20170814,0.010084
20170815,-0.000278
20170816,0.001705
20170817,-0.015426
20170818,-0.001856
20170821,0.001212
20170822,0.009940
20170823,-0.003371
20170824,-0.002188
20170825,0.001694
20170828,0.000432
20170829,0.001036
20170830,0.004883
20170831,0.005670
20170901,0.002032
20170905,-0.007371
20170906,0.003125
20170907,0.000169
20170908,-0.001551
20170911,0.010761
20170912,0.003469
20170913,0.000841
20170914,-0.000843
20170915,0.001692
20170918,0.001354
20170919,0.001015
20170920,0.000675
20170921,-0.003020
20170922,0.000616
20170925,-0.002247
20170926,0.000224
20170927,0.004093
20170928,0.001397
20170929,0.003660
20171002,0.003852
20171003,0.002259
20171004,0.001291
20171005,0.005880
20171006,-0.000768
20171009,-0.001758
20171010,0.002565
20171011,0.001959
20171012,-0.001502
20171013,0.000898
20171016,0.001685
20171017,0.000645
20171018,0.000807
20171019,0.000345
20171020,0.005192
20171023,-0.003903
20171024,0.001649
20171025,-0.004605
20171026,0.001247
20171027,0.008374
20171030,-0.003219
20171031,0.001062
20171101,0.001601
20171102,0.000333
20171103,0.003278
20171106,0.001301
20171107,-0.000092
20171108,0.001637
20171109,-0.003541
20171110,-0.000429
20171113,0.001019
20171114,-0.002001
20171115,-0.005351
20171116,0.009226
20171117,-0.002675
20171120,0.001258
20171121,0.006422
20171122,-0.000617
20171124,0.002211
20171127,-0.000270
20171128,0.009686
20171129,-0.000280
20171130,0.008424
20171201,-0.002015
20171204,-0.001111
20171205,-0.003580
20171206,-0.000017
20171207,0.003135
20171208,0.005568
20171211,0.003180
20171212,0.001538
20171213,-0.000367
20171214,-0.003837
20171215,0.008871
20171218,0.005425
20171219,-0.003125
20171220,-0.000778
20171221,0.001918
20171222,-0.000401
20171226,-0.000854
20171227,0.000805
20171228,0.002006
20171229,-0.005153
20180102,0.008278
20180103,0.006438
20180104,0.004242
20180105,0.007046
20180108,0.001809
20180109,0.001561
20180110,-0.001224
20180111,0.007104
20180112,0.006827
20180116,-0.003477
20180117,0.009444
20180118,-0.001441
20180119,0.004494
20180122,0.008095
20180123,0.002332
20180124,-0.000505
20180125,0.000746
20180126,0.011833
20180129,-0.006455
20180130,-0.010750
20180131,0.000477
20180201,-0.000802
20180202,-0.020820
20180205,-0.040869
20180206,0.017497
20180207,-0.004850
20180208,-0.037319
20180209,0.014951
20180212,0.013963
20180213,0.002875
20180214,0.013778
20180215,0.012212
20180216,0.000438
20180220,-0.006364
20180221,-0.005479
20180222,0.001099
20180223,0.015958
20180226,0.011616
20180227,-0.012648
20180228,-0.010905
20180301,-0.013175
20180302,0.005148
20180305,0.011092
20180306,0.002668
20180307,-0.000409
20180308,0.004787
20180309,0.017286
20180312,-0.001205
20180313,-0.006243
20180314,-0.005415
20180315,-0.000838
20180316,0.001796
20180319,-0.014157
20180320,0.001355
20180321,-0.001780
20180322,-0.025057
20180323,-0.020962
20180326,0.027133
20180327,-0.017408
20180328,-0.002816
20180329,0.013847
20180402,-0.022603
20180403,0.012581
20180404,0.011636
20180405,0.007132
20180406,-0.021919
20180409,0.003559
20180410,0.016597
20180411,-0.005493
20180412,0.008280
20180413,-0.002918
20180416,0.008187
20180417,0.010819
20180418,0.000885
20180419,-0.005289
20180420,-0.008536
20180423,-0.000043
20180424,-0.013428
20180425,0.001845
20180426,0.010462
20180427,0.001203
20180430,-0.007996
20180501,0.002453
20180502,-0.007358
20180503,-0.002101
20180504,0.012933
20180507,0.003380
20180508,-0.000218
20180509,0.009517
20180510,0.009527
20180511,0.002117
20180514,0.000948
20180515,-0.006736
20180516,0.004428
20180517,-0.000679
20180518,-0.002632
20180521,0.007425
20180522,-0.003195
20180523,0.003406
20180524,-0.001959
20180525,-0.002170
20180529,-0.011460
20180530,0.012907
20180531,-0.006667
20180601,0.010939
20180604,0.004780
20180605,0.000746
20180606,0.008543
20180607,-0.000614
20180608,0.003144
20180611,0.001203
20180612,0.001816
20180613,-0.003889
20180614,0.002793
20180615,-0.000888
20180618,-0.002020
20180619,-0.003911
20180620,0.001673
20180621,-0.006173
20180622,0.001881
20180625,-0.013621
20180626,0.002200
20180627,-0.008635
20180628,0.006236
20180629,0.000819
20180702,0.002994
20180703,-0.004886
20180705,0.008779
20180706,0.008510
20180709,0.009223
20180710,0.003518
20180711,-0.006999
20180712,0.008888
20180713,0.001186
20180716,-0.000954
20180717,0.004152
20180718,0.001869
20180719,-0.003890
20180720,-0.000864
20180723,0.001797
20180724,0.004859
20180725,0.009146
20180726,-0.003051
20180727,-0.006494
20180730,-0.005769
20180731,0.004808
20180801,-0.001194
20180802,0.005090
20180803,0.004861
20180806,0.003469
20180807,0.002771
20180808,-0.000208
20180809,-0.001117
20180810,-0.006687
20180813,-0.003947
20180814,0.006620
20180815,-0.007539
20180816,0.008630
20180817,0.003340
20180820,0.002357
20180821,0.002052
20180822,-0.000295
20180823,-0.001718
20180824,0.006145
20180827,0.007753
20180828,0.000302
20180829,0.005908
20180830,-0.004273
20180831,0.000257
20180904,-0.001553
20180905,-0.002925
20180906,-0.003484
20180907,-0.002198
20180910,0.001961
20180911,0.003861
20180912,0.000385
20180913,0.005413
20180914,0.000355
20180917,-0.005689
20180918,0.005377
20180919,0.001158
20180920,0.007913
20180921,-0.000432
20180924,-0.003476
20180925,-0.001081
20180926,-0.003269
20180927,0.002975
20180928,-0.000004
20181001,0.003580
20181002,-0.000503
20181003,0.000547
20181004,-0.008027
20181005,-0.005596
20181008,-0.000374
20181009,-0.001132
20181010,-0.032810
20181011,-0.020415
20181012,0.014451
20181015,-0.005826
20181016,0.021537
20181017,-0.000107
20181018,-0.014414
20181019,-0.000223
20181022,-0.004162
20181023,-0.005335
20181024,-0.030793
20181025,0.018863
20181026,-0.017528
20181029,-0.006758
20181030,0.015768
20181031,0.010898
20181101,0.010772
20181102,-0.006303
20181105,0.005278
20181106,0.006261
20181107,0.021376
20181108,-0.001915
20181109,-0.008872
20181112,-0.019730
20181113,-0.001557
20181114,-0.007426
20181115,0.010784
20181116,0.002068
20181119,-0.016794
20181120,-0.017964
20181121,0.003220
20181123,-0.006254
20181126,0.015662
20181127,0.003142
20181128,0.023219
20181129,-0.002023
20181130,0.008354
20181203,0.011168
20181204,-0.032406
20181206,-0.001166
20181207,-0.023289
20181210,0.001836
20181211,-0.000315
20181212,0.005438
20181213,-0.000162
20181214,-0.018966
20181217,-0.020806
20181218,0.000361
20181219,-0.015413
20181220,-0.015962
20181221,-0.020924
20181224,-0.026912
20181226,0.049762
20181227,0.008541
20181228,-0.001050
20181231,0.008649
20190102,0.001449
20190103,-0.024185
20190104,0.034411
20190107,0.007184
20190108,0.009812
20190109,0.004378
20190110,0.004437
20190111,-0.000186
20190114,-0.005098
20190115,0.010897
20190116,0.002342
20190117,0.007688
20190118,0.013054
20190122,-0.014128
20190123,0.002240
20190124,0.001365
20190125,0.008474
20190128,-0.007767
20190129,-0.001588
20190130,0.015589
20190131,0.009047
20190201,0.000532
20190204,0.006822
20190205,0.004871
20190206,-0.002180
20190207,-0.009075
20190208,0.000911
20190211,0.000711
20190212,0.013018
20190213,0.003121
20190214,-0.002304
20190215,0.010844
20190219,0.001752
20190220,0.001832
20190221,-0.003445
20190222,0.006174
20190225,0.001318
20190226,-0.000786
20190227,-0.000339
20190228,-0.002310
20190301,0.006898
20190304,-0.003768
20190305,-0.001059
20190306,-0.006534
20190307,-0.008000
20190308,-0.002004
20190311,0.014628
20190312,0.002939
20190313,0.007003
20190314,-0.000529
20190315,0.004991
20190318,0.003872
20190319,0.000037
20190320,-0.002928
20190321,0.010964
20190322,-0.018962
20190325,-0.000717
20190326,0.007090
20190327,-0.004685
20190328,0.003732
20190329,0.006741
20190401,0.011517
20190402,0.000073
20190403,0.002156
20190404,0.002351
20190405,0.004658
20190408,0.001107
20190409,-0.005806
20190410,0.003639
20190411,0.000029
20190412,0.006635
20190415,-0.000535
20190416,0.000547
20190417,-0.002107
20190418,0.001579
20190422,0.001037
20190423,0.008963
20190424,-0.002133
20190425,-0.000425
20190426,0.004754
20190429,0.001062
20190430,0.000885
20190501,-0.007579
20190502,-0.002055
20190503,0.009847
20190506,-0.004217
20190507,-0.016479
20190508,-0.001591
20190509,-0.002655
20190510,0.004079
20190513,-0.024222
20190514,0.008204
20190515,0.006106
20190516,0.009243
20190517,-0.005822
20190520,-0.006675
20190521,0.008451
20190522,-0.002695
20190523,-0.011892
20190524,0.001547
20190528,-0.008258
20190529,-0.006880
20190530,0.002145
20190531,-0.013026
20190603,-0.003838
20190604,0.021459
20190605,0.008292
20190606,0.006412
20190607,0.010716
20190610,0.004890
20190611,-0.000330
20190612,-0.001926
20190613,0.004364
20190614,-0.001489
20190617,0.000955
20190618,0.009654
20190619,0.002994
20190620,0.009615
20190621,-0.001173
20190624,-0.001748
20190625,-0.009528
20190626,-0.001157
20190627,0.003914
20190628,0.005759
20190701,0.007701
20190702,0.003009
20190703,0.007925
20190705,-0.001645
20190708,-0.004766
20190709,0.001610
20190710,0.004575
20190711,0.002276
20190712,0.004736
20190715,0.000259
20190716,-0.003349
20190717,-0.006408
20190718,0.003601
20190719,-0.006124
20190722,0.002845
20190723,0.006862
20190724,0.004685
20190725,-0.005342
20190726,0.007469
20190729,-0.001819
20190730,-0.002500
20190731,-0.010922
20190801,-0.008869
20190802,-0.007262
20190805,-0.029815
20190806,0.013058
20190807,0.000913
20190808,0.018936
20190809,-0.006570
20190812,-0.011969
20190813,0.014964
20190814,-0.028994
20190815,0.003009
20190816,0.014498
20190819,0.012123
20190820,-0.007905
20190821,0.008248
20190822,-0.000517
20190823,-0.025935
20190826,0.011102
20190827,-0.003152
20190828,0.006525
20190829,0.012822
20190830,0.000769
20190903,-0.006681
20190904,0.010909
20190905,0.013217
20190906,0.000882
20190909,0.000104
20190910,0.000303
20190911,0.007254
20190912,0.003021
20190913,-0.000472
20190916,-0.003194
20190917,0.002621
20190918,0.000336
20190919,0.000141
20190920,-0.004882
20190923,-0.000063
20190924,-0.008351
20190925,0.006205
20190926,-0.002448
20190927,-0.005145
20190930,0.005126
20191001,-0.012230
20191002,-0.017947
20191003,0.008108
20191004,0.014223
20191007,-0.004477
20191008,-0.015368
20191009,0.009412
20191010,0.006456
20191011,0.011091
20191014,-0.001421
20191015,0.009907
20191016,-0.001846
20191017,0.002889
20191018,-0.003943
20191021,0.006919
20191022,-0.003536
20191023,0.002861
20191024,0.001989
20191025,0.003951
20191028,0.005625
20191029,-0.000959
20191030,0.003366
20191031,-0.002915
20191101,0.009649
20191104,0.003707
20191105,-0.001142
20191106,0.000823
20191107,0.003209
20191108,0.002693
20191111,-0.002018
20191112,0.001550
20191113,0.000776
20191114,0.001042
20191115,0.007663
20191118,0.000594
20191119,-0.000506
20191120,-0.003602
20191121,-0.001557
20191122,0.002199
20191125,0.007650
20191126,0.002265
20191127,0.004273
20191129,-0.003796
20191202,-0.008588
20191203,-0.006563
20191204,0.006336
20191205,0.001732
20191206,0.009108
20191209,-0.003052
20191210,-0.001121
20191211,0.002930
20191212,0.008631
20191213,0.000214
20191216,0.007038
20191217,0.000398
20191218,-0.000345
20191219,0.004534
20191220,0.004896
20191223,0.000897
20191224,-0.000132
20191226,0.005385
20191227,0.000028
20191230,-0.005631
20191231,0.002954
20200102,0.008570
20200103,-0.006950
20200106,0.003566
20200107,-0.002669
20200108,0.004827
20200109,0.006939
20200110,-0.002841
20200113,0.006957
20200114,-0.001388
20200115,0.001782
20200116,0.008459
20200117,0.003742
20200121,-0.002617
20200122,0.000322
20200123,0.001190
20200124,-0.009072
20200127,-0.015637
20200128,0.010117
20200129,-0.000904
20200130,0.003377
20200131,-0.017209
20200203,0.007296
20200204,0.014994
20200205,0.011113
20200206,0.003467
20200207,-0.005025
20200210,0.007484
20200211,0.002015
20200212,0.006558
20200213,-0.001323
20200214,0.001932
20200218,-0.002658
20200219,0.004782
20200220,-0.003852
20200221,-0.010591
20200224,-0.033359
20200225,-0.030269
20200226,-0.003772
20200227,-0.043781
20200228,-0.008242
20200302,0.045959
20200303,-0.028014
20200304,0.042150
20200305,-0.033630
20200306,-0.016819
20200309,-0.075275
20200310,0.049281
20200311,-0.048751
20200312,-0.095036
20200313,0.093205
20200316,-0.118970
20200317,0.060242
20200318,-0.050477
20200319,0.004670
20200320,-0.043187
20200323,-0.028576
20200324,0.092646
20200325,0.010971
20200326,0.062088
20200327,-0.033559
20200330,0.033550
20200331,-0.015948
20200401,-0.043645
20200402,0.022726
20200403,-0.014551
20200406,0.070015
20200407,-0.001665
20200408,0.033801
20200409,0.014454
20200413,-0.009366
20200414,0.030843
20200415,-0.021556
20200416,0.006190
20200417,0.026322
20200420,-0.017771
20200421,-0.030447
20200422,0.022846
20200423,-0.000388
20200424,0.013758
20200427,0.014428
20200428,-0.005305
20200429,0.026208
20200430,-0.008936
20200501,-0.027987
20200504,0.004454
20200505,0.009042
20200506,-0.006842
20200507,0.012070
20200508,0.017096
20200511,0.000148
20200512,-0.020425
20200513,-0.017138
20200514,0.011669
20200515,0.004270
20200518,0.031482
20200519,-0.010403
20200520,0.016702
20200521,-0.007929
20200522,0.002457
20200526,0.012164
20200527,0.014605
20200528,-0.001863
20200529,0.004922
20200601,0.003979
20200602,0.008075
20200603,0.013602
20200604,-0.003255
20200605,0.025805
20200608,0.012263
20200609,-0.007465
20200610,-0.005108
20200611,-0.058263
20200612,0.013059
20200615,0.008464
20200616,0.018946
20200617,-0.003646
20200618,0.000805
20200619,-0.005284
20200622,0.006543
20200623,0.004316
20200624,-0.025571
20200625,0.010927
20200626,-0.024285
20200629,0.014740
20200630,0.015346
20200701,0.005266
20200702,0.004715
20200706,0.016070
20200707,-0.010446
20200708,0.007812
20200709,-0.004930
20200710,0.010600
20200713,-0.009530
20200714,0.013302
20200715,0.008938
20200716,-0.003355
20200717,0.002691
20200720,0.008785
20200721,0.001624
20200722,0.005591
20200723,-0.012421
20200724,-0.006038
20200727,0.007415
20200728,-0.006553
20200729,0.012316
20200730,-0.003576
20200731,0.007894
20200803,0.006842
20200804,0.003775
20200805,0.006357
20200806,0.006495
20200807,0.000845
20200810,0.002842
20200811,-0.008020
20200812,0.014106
20200813,-0.001655
20200814,-0.000052
20200817,0.002937
20200818,0.002708
20200819,-0.004358
20200820,0.003108
20200821,0.003508
20200824,0.010110
20200825,0.003522
20200826,0.010173
20200827,0.001848
20200828,0.006933
20200831,-0.002009
20200901,0.007952
20200902,0.015351
20200903,-0.034955
20200904,-0.008178
20200908,-0.027921
20200909,0.020237
20200910,-0.017577
20200911,0.000399
20200914,0.012983
20200915,0.005349
20200916,-0.004753
20200917,-0.008466
20200918,-0.011340
20200921,-0.011257
20200922,0.010820
20200923,-0.023827
20200924,0.003153
20200925,0.016035
20200928,0.016099
20200929,-0.004733
20200930,0.008263
20201001,0.005692
20201002,-0.009760
20201005,0.018060
20201006,-0.014074
20201007,0.017389
20201008,0.008262
20201009,0.008996
20201012,0.016701
20201013,-0.006130
20201014,-0.006746
20201015,-0.001529
20201016,-0.000083
20201019,-0.016384
20201020,0.004811
20201021,-0.002255
20201022,0.005249
20201023,0.003499
20201026,-0.018394
20201027,-0.002814
20201028,-0.035198
20201029,0.011972
20201030,-0.012228
20201102,0.012177
20201103,0.017793
20201104,0.022218
20201105,0.019562
20201106,-0.000014
20201109,0.011808
20201110,-0.001430
20201111,0.007900
20201112,-0.009679
20201113,0.013753
20201116,0.011511
20201117,-0.004613
20201118,-0.011277
20201119,0.004214
20201120,-0.006830
20201123,0.005592
20201124,0.016071
20201125,-0.001390
20201127,0.002563
20201130,-0.004343
20201201,0.011340
20201202,0.001739
20201203,-0.000470
20201204,0.008764
20201207,-0.001935
20201208,0.002839
20201209,-0.008042
20201210,-0.001213
20201211,-0.001222
20201214,-0.004099
20201215,0.012959
20201216,0.001945
20201217,0.005728
20201218,-0.003363
20201221,-0.004027
20201222,-0.001989
20201223,0.000729
20201224,0.003623
20201228,0.008919
20201229,-0.002235
20201230,0.001484
20201231,0.006377
20210104,-0.014456
20210105,0.007089
20210106,0.005644
20210107,0.015175
20210108,0.005929
20210111,-0.006926
20210112,0.000608
20210113,0.002202
20210114,-0.003836
20210115,-0.007237
20210119,0.008116
20210120,0.014159
20210121,0.000446
20210122,-0.002842
20210125,0.003733
20210126,-0.001275
20210127,-0.025727
20210128,0.009418
20210129,-0.019383
20210201,0.016284
20210202,0.014103
20210203,0.000777
20210204,0.010978
20210205,0.004043
20210208,0.007280
20210209,-0.001149
20210210,-0.000697
20210211,0.001754
20210212,0.004764
20210216,-0.000602
20210217,-0.000055
20210218,-0.004630
20210219,-0.001924
20210222,-0.007937
20210223,0.001221
20210224,0.011304
20210225,-0.024413
20210226,-0.004621
20210301,0.023849
20210302,-0.008142
20210303,-0.013228
20210304,-0.013168
20210305,0.019351
20210308,-0.005542
20210309,0.014698
20210310,0.006106
20210311,0.010424
20210312,0.001315
20210315,0.006507
20210316,-0.001675
20210317,0.002983
20210318,-0.015014
20210319,-0.000361
20210322,0.007043
20210323,-0.007555
20210324,-0.005638
20210325,0.005370
20210326,0.016138
20210329,-0.000798
20210330,-0.002865
20210331,0.003844
20210401,0.011758
20210405,0.014844
20210406,-0.000815
20210407,0.001400
20210408,0.004571
20210409,0.007657
20210412,-0.000051
20210413,0.003534
20210414,-0.004158
20210415,0.011068
20210416,0.003581
20210419,-0.005326
20210420,-0.006726
20210421,0.009310
20210422,-0.009237
20210423,0.010961
20210426,0.001814
20210427,-0.000326
20210428,-0.000720
20210429,0.006769
20210430,-0.006870
20210503,0.002564
20210504,-0.006907
20210505,0.000718
20210506,0.008241
20210507,0.007419
20210510,-0.010683
20210511,-0.008571
20210512,-0.021445
20210513,0.012223
20210514,0.015167
20210517,-0.002492
20210518,-0.008300
20210519,-0.002870
20210520,0.010717
20210521,-0.000865
20210524,0.010082
20210525,-0.002094
20210526,0.002033
20210527,0.001228
20210528,0.000802
20210601,-0.000367
20210602,0.001474
20210603,-0.003606
20210604,0.008929
20210607,-0.000694
20210608,0.000360
20210609,-0.001831
20210610,0.004762
20210611,0.001970
20210614,0.002089
20210615,-0.002041
20210616,-0.005393
20210617,-0.000150
20210618,-0.012998
20210621,0.013940
20210622,0.005163
20210623,-0.000985
20210624,0.005864
20210625,0.003250
20210628,0.002246
20210629,0.000272
20210630,0.001445
20210701,0.005164
20210702,0.007751
20210706,-0.001723
20210707,0.003334
20210708,-0.008136
20210709,0.011143
20210712,0.003520
20210713,-0.003597
20210714,0.001294
20210715,-0.003349
20210716,-0.007496
20210719,-0.015761
20210720,0.015235
20210721,0.008140
20210722,0.002072
20210723,0.010027
20210726,0.002546
20210727,-0.004933
20210728,-0.000167
20210729,0.004390
20210730,-0.005630
20210802,-0.001672
20210803,0.008247
20210804,-0.004537
20210805,0.006142
20210806,0.001615
20210809,-0.000557
20210810,0.000976
20210811,0.002297
20210812,0.003263
20210813,0.001551
20210816,0.002374
20210817,-0.007015
20210818,-0.010471
20210819,0.001095
20210820,0.008181
20210823,0.008789
20210824,0.001546
20210825,0.002172
20210826,-0.005823
20210827,0.008814
20210830,0.004514
20210831,-0.001075
20210901,0.000448
20210902,0.002894
20210903,-0.000222
20210907,-0.003154
20210908,-0.001246
20210909,-0.004520
20210910,-0.007797
20210913,0.002151
20210914,-0.005603
20210915,0.008445
20210916,-0.001413
20210917,-0.009047
20210920,-0.017067
20210921,-0.000723
20210922,0.009622
20210923,0.012149
20210924,0.001582
20210927,-0.002696
20210928,-0.020262
20210929,0.001667
20210930,-0.011857
20211001,0.011278
20211004,-0.012921
20211005,0.010615
20211006,0.004041
20211007,0.008542
20211008,-0.001875
20211011,-0.006783
20211012,-0.002256
20211013,0.003015
20211014,0.017007
20211015,0.007598
20211018,0.003602
20211019,0.007351
20211020,0.003599
20211021,0.003055
20211022,-0.001036
20211025,0.005075
20211026,0.001778
20211027,-0.004915
20211028,0.009967
20211029,0.002005
20211101,0.002094
20211102,0.003559
20211103,0.006770
20211104,0.004298
20211105,0.003764
20211108,0.000482
20211109,-0.003828
20211110,-0.007830
20211111,0.000478
20211112,0.007066
20211115,0.000001
20211116,0.003885
20211117,-0.002252
20211118,0.003638
20211119,-0.001335
20211122,-0.003065
20211123,0.001467
20211124,0.002341
20211126,-0.022706
20211129,0.013275
20211130,-0.018746
20211201,-0.012120
20211202,0.014156
20211203,-0.008539
20211206,0.011676
20211207,0.020714
20211208,0.003085
20211209,-0.007242
20211210,0.009765
20211213,-0.009225
20211214,-0.007209
20211215,0.016492
20211216,-0.008979
20211217,-0.010215
20211220,-0.011578
20211221,0.017880
20211222,0.010379
20211223,0.006407
20211227,0.013645
20211228,-0.000978
20211229,0.001275
20211230,-0.002951
20211231,-0.002604
